,date,format,deck,wins,games
0,2023-06-20,LTR,Mono-White,5,12
1,2023-06-20,LTR,Mono-Blue,2,5
2,2023-06-20,LTR,Mono-Black,34,47
3,2023-06-20,LTR,Mono-Red,10,13
4,2023-06-20,LTR,Mono-Green,0,0
5,2023-06-20,LTR,Mono-White + Splash,11,15
6,2023-06-20,LTR,Mono-Blue + Splash,7,28
7,2023-06-20,LTR,Mono-Black + Splash,55,82
8,2023-06-20,LTR,Mono-Red + Splash,15,22
9,2023-06-20,LTR,Mono-Green + Splash,1,1
10,2023-06-20,LTR,Azorius (WU),334,679
11,2023-06-20,LTR,Dimir (UB),649,1130
12,2023-06-20,LTR,Rakdos (BR),1326,2205
13,2023-06-20,LTR,Gruul (RG),172,309
14,2023-06-20,LTR,Selesnya (GW),382,786
15,2023-06-20,LTR,Orzhov (WB),892,1479
16,2023-06-20,LTR,Golgari (BG),396,689
17,2023-06-20,LTR,Simic (GU),433,867
18,2023-06-20,LTR,Izzet (UR),877,1540
19,2023-06-20,LTR,Boros (RW),903,1522
20,2023-06-20,LTR,Azorius (WU) + Splash,75,161
21,2023-06-20,LTR,Dimir (UB) + Splash,225,409
22,2023-06-20,LTR,Rakdos (BR) + Splash,213,392
23,2023-06-20,LTR,Gruul (RG) + Splash,81,155
24,2023-06-20,LTR,Selesnya (GW) + Splash,256,473
25,2023-06-20,LTR,Orzhov (WB) + Splash,184,329
26,2023-06-20,LTR,Golgari (BG) + Splash,137,273
27,2023-06-20,LTR,Simic (GU) + Splash,174,349
28,2023-06-20,LTR,Izzet (UR) + Splash,284,499
29,2023-06-20,LTR,Boros (RW) + Splash,76,124
30,2023-06-20,LTR,Jeskai (WUR),30,50
31,2023-06-20,LTR,Sultai (UBG),13,37
32,2023-06-20,LTR,Mardu (BRW),58,107
33,2023-06-20,LTR,Temur (RGU),17,30
34,2023-06-20,LTR,Abzan (GWB),106,199
35,2023-06-20,LTR,Esper (WUB),34,72
36,2023-06-20,LTR,Grixis (UBR),120,223
37,2023-06-20,LTR,Jund (BRG),62,114
38,2023-06-20,LTR,Naya (RGW),31,57
39,2023-06-20,LTR,Bant (GWU),30,60
40,2023-06-20,LTR,Jeskai (WUR) + Splash,6,16
41,2023-06-20,LTR,Sultai (UBG) + Splash,1,6
42,2023-06-20,LTR,Mardu (BRW) + Splash,4,17
43,2023-06-20,LTR,Temur (RGU) + Splash,4,12
44,2023-06-20,LTR,Abzan (GWB) + Splash,4,7
45,2023-06-20,LTR,Esper (WUB) + Splash,5,10
46,2023-06-20,LTR,Grixis (UBR) + Splash,10,16
47,2023-06-20,LTR,Jund (BRG) + Splash,15,29
48,2023-06-20,LTR,Naya (RGW) + Splash,22,47
49,2023-06-20,LTR,Bant (GWU) + Splash,3,6
50,2023-06-20,LTR,Four-color,31,60
51,2023-06-20,LTR,Four-color + Splash,11,17
52,2023-06-20,LTR,Five-color,2,5
53,2023-06-21,LTR,Mono-White,8,14
54,2023-06-21,LTR,Mono-Blue,8,14
55,2023-06-21,LTR,Mono-Black,44,74
56,2023-06-21,LTR,Mono-Red,37,55
57,2023-06-21,LTR,Mono-Green,2,8
58,2023-06-21,LTR,Mono-White + Splash,8,14
59,2023-06-21,LTR,Mono-Blue + Splash,31,59
60,2023-06-21,LTR,Mono-Black + Splash,139,222
61,2023-06-21,LTR,Mono-Red + Splash,30,49
62,2023-06-21,LTR,Mono-Green + Splash,17,36
63,2023-06-21,LTR,Azorius (WU),833,1559
64,2023-06-21,LTR,Dimir (UB),1642,2928
65,2023-06-21,LTR,Rakdos (BR),3918,6381
66,2023-06-21,LTR,Gruul (RG),389,738
67,2023-06-21,LTR,Selesnya (GW),1060,2008
68,2023-06-21,LTR,Orzhov (WB),2537,4232
69,2023-06-21,LTR,Golgari (BG),833,1458
70,2023-06-21,LTR,Simic (GU),856,1760
71,2023-06-21,LTR,Izzet (UR),1977,3489
72,2023-06-21,LTR,Boros (RW),2188,3732
73,2023-06-21,LTR,Azorius (WU) + Splash,164,358
74,2023-06-21,LTR,Dimir (UB) + Splash,706,1285
75,2023-06-21,LTR,Rakdos (BR) + Splash,806,1426
76,2023-06-21,LTR,Gruul (RG) + Splash,201,372
77,2023-06-21,LTR,Selesnya (GW) + Splash,532,1060
78,2023-06-21,LTR,Orzhov (WB) + Splash,490,886
79,2023-06-21,LTR,Golgari (BG) + Splash,397,776
80,2023-06-21,LTR,Simic (GU) + Splash,407,860
81,2023-06-21,LTR,Izzet (UR) + Splash,500,935
82,2023-06-21,LTR,Boros (RW) + Splash,186,334
83,2023-06-21,LTR,Jeskai (WUR),36,83
84,2023-06-21,LTR,Sultai (UBG),73,154
85,2023-06-21,LTR,Mardu (BRW),113,199
86,2023-06-21,LTR,Temur (RGU),40,102
87,2023-06-21,LTR,Abzan (GWB),232,453
88,2023-06-21,LTR,Esper (WUB),124,259
89,2023-06-21,LTR,Grixis (UBR),319,634
90,2023-06-21,LTR,Jund (BRG),164,307
91,2023-06-21,LTR,Naya (RGW),113,210
92,2023-06-21,LTR,Bant (GWU),116,219
93,2023-06-21,LTR,Jeskai (WUR) + Splash,2,4
94,2023-06-21,LTR,Sultai (UBG) + Splash,9,20
95,2023-06-21,LTR,Mardu (BRW) + Splash,2,5
96,2023-06-21,LTR,Temur (RGU) + Splash,25,44
97,2023-06-21,LTR,Abzan (GWB) + Splash,32,75
98,2023-06-21,LTR,Esper (WUB) + Splash,11,23
99,2023-06-21,LTR,Grixis (UBR) + Splash,15,31
100,2023-06-21,LTR,Jund (BRG) + Splash,12,22
101,2023-06-21,LTR,Naya (RGW) + Splash,36,81
102,2023-06-21,LTR,Bant (GWU) + Splash,32,80
103,2023-06-21,LTR,Four-color,16,36
104,2023-06-21,LTR,Four-color + Splash,18,40
105,2023-06-21,LTR,Five-color,0,0
106,2023-06-22,LTR,Mono-White,3,9
107,2023-06-22,LTR,Mono-Blue,7,26
108,2023-06-22,LTR,Mono-Black,35,58
109,2023-06-22,LTR,Mono-Red,7,9
110,2023-06-22,LTR,Mono-Green,0,0
111,2023-06-22,LTR,Mono-White + Splash,12,26
112,2023-06-22,LTR,Mono-Blue + Splash,28,62
113,2023-06-22,LTR,Mono-Black + Splash,84,142
114,2023-06-22,LTR,Mono-Red + Splash,11,20
115,2023-06-22,LTR,Mono-Green + Splash,30,44
116,2023-06-22,LTR,Azorius (WU),661,1227
117,2023-06-22,LTR,Dimir (UB),1440,2570
118,2023-06-22,LTR,Rakdos (BR),4335,7037
119,2023-06-22,LTR,Gruul (RG),380,685
120,2023-06-22,LTR,Selesnya (GW),705,1412
121,2023-06-22,LTR,Orzhov (WB),2200,3746
122,2023-06-22,LTR,Golgari (BG),730,1231
123,2023-06-22,LTR,Simic (GU),652,1371
124,2023-06-22,LTR,Izzet (UR),1887,3310
125,2023-06-22,LTR,Boros (RW),1938,3365
126,2023-06-22,LTR,Azorius (WU) + Splash,174,353
127,2023-06-22,LTR,Dimir (UB) + Splash,488,942
128,2023-06-22,LTR,Rakdos (BR) + Splash,742,1337
129,2023-06-22,LTR,Gruul (RG) + Splash,183,328
130,2023-06-22,LTR,Selesnya (GW) + Splash,389,769
131,2023-06-22,LTR,Orzhov (WB) + Splash,388,755
132,2023-06-22,LTR,Golgari (BG) + Splash,385,745
133,2023-06-22,LTR,Simic (GU) + Splash,368,750
134,2023-06-22,LTR,Izzet (UR) + Splash,442,862
135,2023-06-22,LTR,Boros (RW) + Splash,189,364
136,2023-06-22,LTR,Jeskai (WUR),47,95
137,2023-06-22,LTR,Sultai (UBG),62,136
138,2023-06-22,LTR,Mardu (BRW),117,235
139,2023-06-22,LTR,Temur (RGU),37,75
140,2023-06-22,LTR,Abzan (GWB),248,477
141,2023-06-22,LTR,Esper (WUB),82,189
142,2023-06-22,LTR,Grixis (UBR),311,554
143,2023-06-22,LTR,Jund (BRG),95,180
144,2023-06-22,LTR,Naya (RGW),83,173
145,2023-06-22,LTR,Bant (GWU),100,207
146,2023-06-22,LTR,Jeskai (WUR) + Splash,6,17
147,2023-06-22,LTR,Sultai (UBG) + Splash,14,28
148,2023-06-22,LTR,Mardu (BRW) + Splash,19,36
149,2023-06-22,LTR,Temur (RGU) + Splash,9,23
150,2023-06-22,LTR,Abzan (GWB) + Splash,17,34
151,2023-06-22,LTR,Esper (WUB) + Splash,10,17
152,2023-06-22,LTR,Grixis (UBR) + Splash,6,15
153,2023-06-22,LTR,Jund (BRG) + Splash,8,14
154,2023-06-22,LTR,Naya (RGW) + Splash,26,50
155,2023-06-22,LTR,Bant (GWU) + Splash,53,80
156,2023-06-22,LTR,Four-color,45,83
157,2023-06-22,LTR,Four-color + Splash,19,29
158,2023-06-22,LTR,Five-color,8,12
159,2023-06-23,LTR,Mono-White,6,13
160,2023-06-23,LTR,Mono-Blue,0,0
161,2023-06-23,LTR,Mono-Black,33,58
162,2023-06-23,LTR,Mono-Red,33,59
163,2023-06-23,LTR,Mono-Green,5,6
164,2023-06-23,LTR,Mono-White + Splash,11,23
165,2023-06-23,LTR,Mono-Blue + Splash,14,23
166,2023-06-23,LTR,Mono-Black + Splash,162,247
167,2023-06-23,LTR,Mono-Red + Splash,21,32
168,2023-06-23,LTR,Mono-Green + Splash,4,15
169,2023-06-23,LTR,Azorius (WU),680,1233
170,2023-06-23,LTR,Dimir (UB),1355,2395
171,2023-06-23,LTR,Rakdos (BR),4253,7081
172,2023-06-23,LTR,Gruul (RG),330,613
173,2023-06-23,LTR,Selesnya (GW),642,1223
174,2023-06-23,LTR,Orzhov (WB),1956,3396
175,2023-06-23,LTR,Golgari (BG),713,1291
176,2023-06-23,LTR,Simic (GU),693,1372
177,2023-06-23,LTR,Izzet (UR),1602,2893
178,2023-06-23,LTR,Boros (RW),1968,3373
179,2023-06-23,LTR,Azorius (WU) + Splash,140,301
180,2023-06-23,LTR,Dimir (UB) + Splash,475,897
181,2023-06-23,LTR,Rakdos (BR) + Splash,699,1219
182,2023-06-23,LTR,Gruul (RG) + Splash,194,362
183,2023-06-23,LTR,Selesnya (GW) + Splash,438,832
184,2023-06-23,LTR,Orzhov (WB) + Splash,431,783
185,2023-06-23,LTR,Golgari (BG) + Splash,321,584
186,2023-06-23,LTR,Simic (GU) + Splash,295,606
187,2023-06-23,LTR,Izzet (UR) + Splash,457,807
188,2023-06-23,LTR,Boros (RW) + Splash,120,237
189,2023-06-23,LTR,Jeskai (WUR),73,150
190,2023-06-23,LTR,Sultai (UBG),46,116
191,2023-06-23,LTR,Mardu (BRW),135,236
192,2023-06-23,LTR,Temur (RGU),36,73
193,2023-06-23,LTR,Abzan (GWB),187,368
194,2023-06-23,LTR,Esper (WUB),69,177
195,2023-06-23,LTR,Grixis (UBR),243,471
196,2023-06-23,LTR,Jund (BRG),80,147
197,2023-06-23,LTR,Naya (RGW),60,124
198,2023-06-23,LTR,Bant (GWU),78,167
199,2023-06-23,LTR,Jeskai (WUR) + Splash,1,4
200,2023-06-23,LTR,Sultai (UBG) + Splash,4,9
201,2023-06-23,LTR,Mardu (BRW) + Splash,0,5
202,2023-06-23,LTR,Temur (RGU) + Splash,12,23
203,2023-06-23,LTR,Abzan (GWB) + Splash,22,51
204,2023-06-23,LTR,Esper (WUB) + Splash,6,12
205,2023-06-23,LTR,Grixis (UBR) + Splash,5,20
206,2023-06-23,LTR,Jund (BRG) + Splash,14,23
207,2023-06-23,LTR,Naya (RGW) + Splash,30,61
208,2023-06-23,LTR,Bant (GWU) + Splash,23,44
209,2023-06-23,LTR,Four-color,19,47
210,2023-06-23,LTR,Four-color + Splash,23,38
211,2023-06-23,LTR,Five-color,3,7
212,2023-06-24,LTR,Mono-White,8,11
213,2023-06-24,LTR,Mono-Blue,5,13
214,2023-06-24,LTR,Mono-Black,24,46
215,2023-06-24,LTR,Mono-Red,46,65
216,2023-06-24,LTR,Mono-Green,4,7
217,2023-06-24,LTR,Mono-White + Splash,9,16
218,2023-06-24,LTR,Mono-Blue + Splash,17,43
219,2023-06-24,LTR,Mono-Black + Splash,91,155
220,2023-06-24,LTR,Mono-Red + Splash,15,26
221,2023-06-24,LTR,Mono-Green + Splash,8,23
222,2023-06-24,LTR,Azorius (WU),540,1028
223,2023-06-24,LTR,Dimir (UB),1272,2228
224,2023-06-24,LTR,Rakdos (BR),4124,6637
225,2023-06-24,LTR,Gruul (RG),247,447
226,2023-06-24,LTR,Selesnya (GW),633,1184
227,2023-06-24,LTR,Orzhov (WB),1928,3336
228,2023-06-24,LTR,Golgari (BG),589,1079
229,2023-06-24,LTR,Simic (GU),510,990
230,2023-06-24,LTR,Izzet (UR),1651,2933
231,2023-06-24,LTR,Boros (RW),1793,3100
232,2023-06-24,LTR,Azorius (WU) + Splash,96,199
233,2023-06-24,LTR,Dimir (UB) + Splash,492,954
234,2023-06-24,LTR,Rakdos (BR) + Splash,631,1129
235,2023-06-24,LTR,Gruul (RG) + Splash,163,300
236,2023-06-24,LTR,Selesnya (GW) + Splash,307,616
237,2023-06-24,LTR,Orzhov (WB) + Splash,431,791
238,2023-06-24,LTR,Golgari (BG) + Splash,230,428
239,2023-06-24,LTR,Simic (GU) + Splash,216,469
240,2023-06-24,LTR,Izzet (UR) + Splash,401,744
241,2023-06-24,LTR,Boros (RW) + Splash,115,215
242,2023-06-24,LTR,Jeskai (WUR),38,74
243,2023-06-24,LTR,Sultai (UBG),47,109
244,2023-06-24,LTR,Mardu (BRW),110,213
245,2023-06-24,LTR,Temur (RGU),30,59
246,2023-06-24,LTR,Abzan (GWB),239,431
247,2023-06-24,LTR,Esper (WUB),77,174
248,2023-06-24,LTR,Grixis (UBR),239,444
249,2023-06-24,LTR,Jund (BRG),97,193
250,2023-06-24,LTR,Naya (RGW),90,168
251,2023-06-24,LTR,Bant (GWU),52,120
252,2023-06-24,LTR,Jeskai (WUR) + Splash,12,23
253,2023-06-24,LTR,Sultai (UBG) + Splash,15,32
254,2023-06-24,LTR,Mardu (BRW) + Splash,11,17
255,2023-06-24,LTR,Temur (RGU) + Splash,15,33
256,2023-06-24,LTR,Abzan (GWB) + Splash,17,39
257,2023-06-24,LTR,Esper (WUB) + Splash,2,5
258,2023-06-24,LTR,Grixis (UBR) + Splash,4,17
259,2023-06-24,LTR,Jund (BRG) + Splash,20,31
260,2023-06-24,LTR,Naya (RGW) + Splash,20,42
261,2023-06-24,LTR,Bant (GWU) + Splash,26,54
262,2023-06-24,LTR,Four-color,36,62
263,2023-06-24,LTR,Four-color + Splash,18,37
264,2023-06-24,LTR,Five-color,0,0
265,2023-06-25,LTR,Mono-White,1,4
266,2023-06-25,LTR,Mono-Blue,0,0
267,2023-06-25,LTR,Mono-Black,22,36
268,2023-06-25,LTR,Mono-Red,38,62
269,2023-06-25,LTR,Mono-Green,5,8
270,2023-06-25,LTR,Mono-White + Splash,4,12
271,2023-06-25,LTR,Mono-Blue + Splash,35,64
272,2023-06-25,LTR,Mono-Black + Splash,90,145
273,2023-06-25,LTR,Mono-Red + Splash,10,20
274,2023-06-25,LTR,Mono-Green + Splash,26,44
275,2023-06-25,LTR,Azorius (WU),453,906
276,2023-06-25,LTR,Dimir (UB),1312,2351
277,2023-06-25,LTR,Rakdos (BR),4098,6782
278,2023-06-25,LTR,Gruul (RG),181,331
279,2023-06-25,LTR,Selesnya (GW),581,1146
280,2023-06-25,LTR,Orzhov (WB),1963,3363
281,2023-06-25,LTR,Golgari (BG),513,943
282,2023-06-25,LTR,Simic (GU),490,987
283,2023-06-25,LTR,Izzet (UR),1612,2808
284,2023-06-25,LTR,Boros (RW),1669,2883
285,2023-06-25,LTR,Azorius (WU) + Splash,114,258
286,2023-06-25,LTR,Dimir (UB) + Splash,585,1046
287,2023-06-25,LTR,Rakdos (BR) + Splash,615,1122
288,2023-06-25,LTR,Gruul (RG) + Splash,150,296
289,2023-06-25,LTR,Selesnya (GW) + Splash,246,489
290,2023-06-25,LTR,Orzhov (WB) + Splash,384,701
291,2023-06-25,LTR,Golgari (BG) + Splash,302,589
292,2023-06-25,LTR,Simic (GU) + Splash,250,512
293,2023-06-25,LTR,Izzet (UR) + Splash,401,734
294,2023-06-25,LTR,Boros (RW) + Splash,161,297
295,2023-06-25,LTR,Jeskai (WUR),33,63
296,2023-06-25,LTR,Sultai (UBG),44,96
297,2023-06-25,LTR,Mardu (BRW),140,253
298,2023-06-25,LTR,Temur (RGU),36,74
299,2023-06-25,LTR,Abzan (GWB),191,369
300,2023-06-25,LTR,Esper (WUB),61,145
301,2023-06-25,LTR,Grixis (UBR),202,398
302,2023-06-25,LTR,Jund (BRG),76,149
303,2023-06-25,LTR,Naya (RGW),57,127
304,2023-06-25,LTR,Bant (GWU),51,118
305,2023-06-25,LTR,Jeskai (WUR) + Splash,6,12
306,2023-06-25,LTR,Sultai (UBG) + Splash,3,5
307,2023-06-25,LTR,Mardu (BRW) + Splash,9,20
308,2023-06-25,LTR,Temur (RGU) + Splash,12,25
309,2023-06-25,LTR,Abzan (GWB) + Splash,35,60
310,2023-06-25,LTR,Esper (WUB) + Splash,0,3
311,2023-06-25,LTR,Grixis (UBR) + Splash,12,21
312,2023-06-25,LTR,Jund (BRG) + Splash,12,33
313,2023-06-25,LTR,Naya (RGW) + Splash,14,32
314,2023-06-25,LTR,Bant (GWU) + Splash,35,55
315,2023-06-25,LTR,Four-color,12,28
316,2023-06-25,LTR,Four-color + Splash,6,13
317,2023-06-25,LTR,Five-color,1,3
318,2023-06-26,LTR,Mono-White,5,9
319,2023-06-26,LTR,Mono-Blue,0,3
320,2023-06-26,LTR,Mono-Black,38,70
321,2023-06-26,LTR,Mono-Red,28,39
322,2023-06-26,LTR,Mono-Green,3,3
323,2023-06-26,LTR,Mono-White + Splash,14,24
324,2023-06-26,LTR,Mono-Blue + Splash,37,57
325,2023-06-26,LTR,Mono-Black + Splash,64,114
326,2023-06-26,LTR,Mono-Red + Splash,33,41
327,2023-06-26,LTR,Mono-Green + Splash,17,27
328,2023-06-26,LTR,Azorius (WU),450,846
329,2023-06-26,LTR,Dimir (UB),1279,2234
330,2023-06-26,LTR,Rakdos (BR),3405,5685
331,2023-06-26,LTR,Gruul (RG),240,446
332,2023-06-26,LTR,Selesnya (GW),502,950
333,2023-06-26,LTR,Orzhov (WB),1661,2859
334,2023-06-26,LTR,Golgari (BG),528,928
335,2023-06-26,LTR,Simic (GU),439,865
336,2023-06-26,LTR,Izzet (UR),1497,2650
337,2023-06-26,LTR,Boros (RW),1569,2723
338,2023-06-26,LTR,Azorius (WU) + Splash,132,273
339,2023-06-26,LTR,Dimir (UB) + Splash,480,899
340,2023-06-26,LTR,Rakdos (BR) + Splash,601,1106
341,2023-06-26,LTR,Gruul (RG) + Splash,131,252
342,2023-06-26,LTR,Selesnya (GW) + Splash,277,542
343,2023-06-26,LTR,Orzhov (WB) + Splash,361,663
344,2023-06-26,LTR,Golgari (BG) + Splash,290,563
345,2023-06-26,LTR,Simic (GU) + Splash,223,485
346,2023-06-26,LTR,Izzet (UR) + Splash,404,771
347,2023-06-26,LTR,Boros (RW) + Splash,159,316
348,2023-06-26,LTR,Jeskai (WUR),24,51
349,2023-06-26,LTR,Sultai (UBG),39,83
350,2023-06-26,LTR,Mardu (BRW),120,220
351,2023-06-26,LTR,Temur (RGU),26,52
352,2023-06-26,LTR,Abzan (GWB),178,351
353,2023-06-26,LTR,Esper (WUB),71,180
354,2023-06-26,LTR,Grixis (UBR),260,490
355,2023-06-26,LTR,Jund (BRG),85,157
356,2023-06-26,LTR,Naya (RGW),68,135
357,2023-06-26,LTR,Bant (GWU),64,132
358,2023-06-26,LTR,Jeskai (WUR) + Splash,17,23
359,2023-06-26,LTR,Sultai (UBG) + Splash,16,38
360,2023-06-26,LTR,Mardu (BRW) + Splash,11,18
361,2023-06-26,LTR,Temur (RGU) + Splash,14,24
362,2023-06-26,LTR,Abzan (GWB) + Splash,29,49
363,2023-06-26,LTR,Esper (WUB) + Splash,6,22
364,2023-06-26,LTR,Grixis (UBR) + Splash,10,21
365,2023-06-26,LTR,Jund (BRG) + Splash,16,26
366,2023-06-26,LTR,Naya (RGW) + Splash,34,76
367,2023-06-26,LTR,Bant (GWU) + Splash,18,35
368,2023-06-26,LTR,Four-color,52,100
369,2023-06-26,LTR,Four-color + Splash,11,20
370,2023-06-26,LTR,Five-color,2,4
371,2023-06-27,LTR,Mono-White,4,7
372,2023-06-27,LTR,Mono-Blue,4,8
373,2023-06-27,LTR,Mono-Black,40,65
374,2023-06-27,LTR,Mono-Red,26,38
375,2023-06-27,LTR,Mono-Green,3,7
376,2023-06-27,LTR,Mono-White + Splash,12,20
377,2023-06-27,LTR,Mono-Blue + Splash,9,12
378,2023-06-27,LTR,Mono-Black + Splash,55,84
379,2023-06-27,LTR,Mono-Red + Splash,21,38
380,2023-06-27,LTR,Mono-Green + Splash,17,32
381,2023-06-27,LTR,Azorius (WU),456,885
382,2023-06-27,LTR,Dimir (UB),1193,2105
383,2023-06-27,LTR,Rakdos (BR),3081,5059
384,2023-06-27,LTR,Gruul (RG),209,388
385,2023-06-27,LTR,Selesnya (GW),480,855
386,2023-06-27,LTR,Orzhov (WB),1469,2552
387,2023-06-27,LTR,Golgari (BG),516,929
388,2023-06-27,LTR,Simic (GU),367,755
389,2023-06-27,LTR,Izzet (UR),1496,2635
390,2023-06-27,LTR,Boros (RW),1422,2532
391,2023-06-27,LTR,Azorius (WU) + Splash,94,231
392,2023-06-27,LTR,Dimir (UB) + Splash,476,890
393,2023-06-27,LTR,Rakdos (BR) + Splash,601,1105
394,2023-06-27,LTR,Gruul (RG) + Splash,118,252
395,2023-06-27,LTR,Selesnya (GW) + Splash,263,534
396,2023-06-27,LTR,Orzhov (WB) + Splash,336,651
397,2023-06-27,LTR,Golgari (BG) + Splash,250,459
398,2023-06-27,LTR,Simic (GU) + Splash,167,367
399,2023-06-27,LTR,Izzet (UR) + Splash,460,837
400,2023-06-27,LTR,Boros (RW) + Splash,145,256
401,2023-06-27,LTR,Jeskai (WUR),52,100
402,2023-06-27,LTR,Sultai (UBG),42,82
403,2023-06-27,LTR,Mardu (BRW),100,195
404,2023-06-27,LTR,Temur (RGU),16,30
405,2023-06-27,LTR,Abzan (GWB),114,245
406,2023-06-27,LTR,Esper (WUB),62,128
407,2023-06-27,LTR,Grixis (UBR),236,458
408,2023-06-27,LTR,Jund (BRG),69,122
409,2023-06-27,LTR,Naya (RGW),66,135
410,2023-06-27,LTR,Bant (GWU),53,100
411,2023-06-27,LTR,Jeskai (WUR) + Splash,6,10
412,2023-06-27,LTR,Sultai (UBG) + Splash,5,17
413,2023-06-27,LTR,Mardu (BRW) + Splash,19,27
414,2023-06-27,LTR,Temur (RGU) + Splash,27,50
415,2023-06-27,LTR,Abzan (GWB) + Splash,26,47
416,2023-06-27,LTR,Esper (WUB) + Splash,6,11
417,2023-06-27,LTR,Grixis (UBR) + Splash,13,20
418,2023-06-27,LTR,Jund (BRG) + Splash,8,17
419,2023-06-27,LTR,Naya (RGW) + Splash,44,96
420,2023-06-27,LTR,Bant (GWU) + Splash,8,21
421,2023-06-27,LTR,Four-color,25,49
422,2023-06-27,LTR,Four-color + Splash,22,52
423,2023-06-27,LTR,Five-color,4,9
424,2023-06-28,LTR,Mono-White,4,7
425,2023-06-28,LTR,Mono-Blue,2,8
426,2023-06-28,LTR,Mono-Black,30,42
427,2023-06-28,LTR,Mono-Red,2,5
428,2023-06-28,LTR,Mono-Green,0,0
429,2023-06-28,LTR,Mono-White + Splash,10,15
430,2023-06-28,LTR,Mono-Blue + Splash,16,31
431,2023-06-28,LTR,Mono-Black + Splash,22,40
432,2023-06-28,LTR,Mono-Red + Splash,15,29
433,2023-06-28,LTR,Mono-Green + Splash,10,17
434,2023-06-28,LTR,Azorius (WU),429,764
435,2023-06-28,LTR,Dimir (UB),1170,2090
436,2023-06-28,LTR,Rakdos (BR),2698,4530
437,2023-06-28,LTR,Gruul (RG),187,342
438,2023-06-28,LTR,Selesnya (GW),268,539
439,2023-06-28,LTR,Orzhov (WB),1242,2135
440,2023-06-28,LTR,Golgari (BG),379,679
441,2023-06-28,LTR,Simic (GU),349,688
442,2023-06-28,LTR,Izzet (UR),1411,2536
443,2023-06-28,LTR,Boros (RW),1130,2041
444,2023-06-28,LTR,Azorius (WU) + Splash,129,258
445,2023-06-28,LTR,Dimir (UB) + Splash,403,799
446,2023-06-28,LTR,Rakdos (BR) + Splash,480,920
447,2023-06-28,LTR,Gruul (RG) + Splash,113,205
448,2023-06-28,LTR,Selesnya (GW) + Splash,254,504
449,2023-06-28,LTR,Orzhov (WB) + Splash,270,522
450,2023-06-28,LTR,Golgari (BG) + Splash,220,417
451,2023-06-28,LTR,Simic (GU) + Splash,156,332
452,2023-06-28,LTR,Izzet (UR) + Splash,320,580
453,2023-06-28,LTR,Boros (RW) + Splash,135,245
454,2023-06-28,LTR,Jeskai (WUR),41,100
455,2023-06-28,LTR,Sultai (UBG),19,55
456,2023-06-28,LTR,Mardu (BRW),84,170
457,2023-06-28,LTR,Temur (RGU),12,29
458,2023-06-28,LTR,Abzan (GWB),129,265
459,2023-06-28,LTR,Esper (WUB),71,156
460,2023-06-28,LTR,Grixis (UBR),217,434
461,2023-06-28,LTR,Jund (BRG),61,134
462,2023-06-28,LTR,Naya (RGW),38,75
463,2023-06-28,LTR,Bant (GWU),32,67
464,2023-06-28,LTR,Jeskai (WUR) + Splash,5,14
465,2023-06-28,LTR,Sultai (UBG) + Splash,4,6
466,2023-06-28,LTR,Mardu (BRW) + Splash,6,10
467,2023-06-28,LTR,Temur (RGU) + Splash,3,11
468,2023-06-28,LTR,Abzan (GWB) + Splash,42,83
469,2023-06-28,LTR,Esper (WUB) + Splash,9,15
470,2023-06-28,LTR,Grixis (UBR) + Splash,21,30
471,2023-06-28,LTR,Jund (BRG) + Splash,11,25
472,2023-06-28,LTR,Naya (RGW) + Splash,29,60
473,2023-06-28,LTR,Bant (GWU) + Splash,26,48
474,2023-06-28,LTR,Four-color,16,37
475,2023-06-28,LTR,Four-color + Splash,16,34
476,2023-06-28,LTR,Five-color,0,0
477,2023-06-29,LTR,Mono-White,3,6
478,2023-06-29,LTR,Mono-Blue,4,7
479,2023-06-29,LTR,Mono-Black,18,24
480,2023-06-29,LTR,Mono-Red,13,22
481,2023-06-29,LTR,Mono-Green,0,0
482,2023-06-29,LTR,Mono-White + Splash,6,16
483,2023-06-29,LTR,Mono-Blue + Splash,22,50
484,2023-06-29,LTR,Mono-Black + Splash,32,53
485,2023-06-29,LTR,Mono-Red + Splash,27,35
486,2023-06-29,LTR,Mono-Green + Splash,27,52
487,2023-06-29,LTR,Azorius (WU),440,807
488,2023-06-29,LTR,Dimir (UB),1046,1881
489,2023-06-29,LTR,Rakdos (BR),2707,4541
490,2023-06-29,LTR,Gruul (RG),200,363
491,2023-06-29,LTR,Selesnya (GW),337,662
492,2023-06-29,LTR,Orzhov (WB),1247,2241
493,2023-06-29,LTR,Golgari (BG),433,806
494,2023-06-29,LTR,Simic (GU),299,601
495,2023-06-29,LTR,Izzet (UR),1483,2567
496,2023-06-29,LTR,Boros (RW),1232,2211
497,2023-06-29,LTR,Azorius (WU) + Splash,109,248
498,2023-06-29,LTR,Dimir (UB) + Splash,476,944
499,2023-06-29,LTR,Rakdos (BR) + Splash,391,766
500,2023-06-29,LTR,Gruul (RG) + Splash,135,257
501,2023-06-29,LTR,Selesnya (GW) + Splash,234,444
502,2023-06-29,LTR,Orzhov (WB) + Splash,315,577
503,2023-06-29,LTR,Golgari (BG) + Splash,249,467
504,2023-06-29,LTR,Simic (GU) + Splash,155,336
505,2023-06-29,LTR,Izzet (UR) + Splash,407,777
506,2023-06-29,LTR,Boros (RW) + Splash,138,266
507,2023-06-29,LTR,Jeskai (WUR),39,78
508,2023-06-29,LTR,Sultai (UBG),23,44
509,2023-06-29,LTR,Mardu (BRW),89,169
510,2023-06-29,LTR,Temur (RGU),22,44
511,2023-06-29,LTR,Abzan (GWB),157,290
512,2023-06-29,LTR,Esper (WUB),67,135
513,2023-06-29,LTR,Grixis (UBR),254,479
514,2023-06-29,LTR,Jund (BRG),90,172
515,2023-06-29,LTR,Naya (RGW),35,66
516,2023-06-29,LTR,Bant (GWU),60,106
517,2023-06-29,LTR,Jeskai (WUR) + Splash,3,6
518,2023-06-29,LTR,Sultai (UBG) + Splash,6,14
519,2023-06-29,LTR,Mardu (BRW) + Splash,10,20
520,2023-06-29,LTR,Temur (RGU) + Splash,9,21
521,2023-06-29,LTR,Abzan (GWB) + Splash,32,58
522,2023-06-29,LTR,Esper (WUB) + Splash,2,5
523,2023-06-29,LTR,Grixis (UBR) + Splash,25,40
524,2023-06-29,LTR,Jund (BRG) + Splash,7,15
525,2023-06-29,LTR,Naya (RGW) + Splash,37,71
526,2023-06-29,LTR,Bant (GWU) + Splash,17,46
527,2023-06-29,LTR,Four-color,27,51
528,2023-06-29,LTR,Four-color + Splash,14,39
529,2023-06-29,LTR,Five-color,4,8
530,2023-06-30,LTR,Mono-White,2,5
531,2023-06-30,LTR,Mono-Blue,1,4
532,2023-06-30,LTR,Mono-Black,20,28
533,2023-06-30,LTR,Mono-Red,21,38
534,2023-06-30,LTR,Mono-Green,0,0
535,2023-06-30,LTR,Mono-White + Splash,15,27
536,2023-06-30,LTR,Mono-Blue + Splash,35,67
537,2023-06-30,LTR,Mono-Black + Splash,23,48
538,2023-06-30,LTR,Mono-Red + Splash,12,15
539,2023-06-30,LTR,Mono-Green + Splash,8,24
540,2023-06-30,LTR,Azorius (WU),540,1004
541,2023-06-30,LTR,Dimir (UB),1201,2104
542,2023-06-30,LTR,Rakdos (BR),3075,5113
543,2023-06-30,LTR,Gruul (RG),198,352
544,2023-06-30,LTR,Selesnya (GW),297,579
545,2023-06-30,LTR,Orzhov (WB),1369,2386
546,2023-06-30,LTR,Golgari (BG),374,666
547,2023-06-30,LTR,Simic (GU),334,658
548,2023-06-30,LTR,Izzet (UR),1527,2696
549,2023-06-30,LTR,Boros (RW),1204,2139
550,2023-06-30,LTR,Azorius (WU) + Splash,109,245
551,2023-06-30,LTR,Dimir (UB) + Splash,462,904
552,2023-06-30,LTR,Rakdos (BR) + Splash,490,884
553,2023-06-30,LTR,Gruul (RG) + Splash,131,266
554,2023-06-30,LTR,Selesnya (GW) + Splash,272,506
555,2023-06-30,LTR,Orzhov (WB) + Splash,296,596
556,2023-06-30,LTR,Golgari (BG) + Splash,248,446
557,2023-06-30,LTR,Simic (GU) + Splash,127,269
558,2023-06-30,LTR,Izzet (UR) + Splash,355,655
559,2023-06-30,LTR,Boros (RW) + Splash,106,220
560,2023-06-30,LTR,Jeskai (WUR),44,87
561,2023-06-30,LTR,Sultai (UBG),61,122
562,2023-06-30,LTR,Mardu (BRW),115,213
563,2023-06-30,LTR,Temur (RGU),13,33
564,2023-06-30,LTR,Abzan (GWB),150,284
565,2023-06-30,LTR,Esper (WUB),98,213
566,2023-06-30,LTR,Grixis (UBR),217,435
567,2023-06-30,LTR,Jund (BRG),111,203
568,2023-06-30,LTR,Naya (RGW),85,161
569,2023-06-30,LTR,Bant (GWU),57,115
570,2023-06-30,LTR,Jeskai (WUR) + Splash,0,0
571,2023-06-30,LTR,Sultai (UBG) + Splash,12,21
572,2023-06-30,LTR,Mardu (BRW) + Splash,5,12
573,2023-06-30,LTR,Temur (RGU) + Splash,8,25
574,2023-06-30,LTR,Abzan (GWB) + Splash,31,54
575,2023-06-30,LTR,Esper (WUB) + Splash,5,9
576,2023-06-30,LTR,Grixis (UBR) + Splash,6,12
577,2023-06-30,LTR,Jund (BRG) + Splash,15,27
578,2023-06-30,LTR,Naya (RGW) + Splash,19,38
579,2023-06-30,LTR,Bant (GWU) + Splash,33,66
580,2023-06-30,LTR,Four-color,50,89
581,2023-06-30,LTR,Four-color + Splash,25,52
582,2023-06-30,LTR,Five-color,0,1
583,2023-07-01,LTR,Mono-White,0,0
584,2023-07-01,LTR,Mono-Blue,0,0
585,2023-07-01,LTR,Mono-Black,10,20
586,2023-07-01,LTR,Mono-Red,7,10
587,2023-07-01,LTR,Mono-Green,0,3
588,2023-07-01,LTR,Mono-White + Splash,6,13
589,2023-07-01,LTR,Mono-Blue + Splash,15,29
590,2023-07-01,LTR,Mono-Black + Splash,46,66
591,2023-07-01,LTR,Mono-Red + Splash,3,7
592,2023-07-01,LTR,Mono-Green + Splash,14,22
593,2023-07-01,LTR,Azorius (WU),328,607
594,2023-07-01,LTR,Dimir (UB),877,1484
595,2023-07-01,LTR,Rakdos (BR),2090,3592
596,2023-07-01,LTR,Gruul (RG),141,238
597,2023-07-01,LTR,Selesnya (GW),304,582
598,2023-07-01,LTR,Orzhov (WB),943,1599
599,2023-07-01,LTR,Golgari (BG),273,473
600,2023-07-01,LTR,Simic (GU),267,516
601,2023-07-01,LTR,Izzet (UR),1411,2425
602,2023-07-01,LTR,Boros (RW),923,1679
603,2023-07-01,LTR,Azorius (WU) + Splash,115,236
604,2023-07-01,LTR,Dimir (UB) + Splash,440,810
605,2023-07-01,LTR,Rakdos (BR) + Splash,425,777
606,2023-07-01,LTR,Gruul (RG) + Splash,97,195
607,2023-07-01,LTR,Selesnya (GW) + Splash,151,292
608,2023-07-01,LTR,Orzhov (WB) + Splash,287,513
609,2023-07-01,LTR,Golgari (BG) + Splash,175,312
610,2023-07-01,LTR,Simic (GU) + Splash,79,171
611,2023-07-01,LTR,Izzet (UR) + Splash,285,538
612,2023-07-01,LTR,Boros (RW) + Splash,125,232
613,2023-07-01,LTR,Jeskai (WUR),33,59
614,2023-07-01,LTR,Sultai (UBG),29,55
615,2023-07-01,LTR,Mardu (BRW),73,142
616,2023-07-01,LTR,Temur (RGU),12,26
617,2023-07-01,LTR,Abzan (GWB),133,253
618,2023-07-01,LTR,Esper (WUB),78,156
619,2023-07-01,LTR,Grixis (UBR),220,403
620,2023-07-01,LTR,Jund (BRG),76,151
621,2023-07-01,LTR,Naya (RGW),24,61
622,2023-07-01,LTR,Bant (GWU),51,103
623,2023-07-01,LTR,Jeskai (WUR) + Splash,0,0
624,2023-07-01,LTR,Sultai (UBG) + Splash,9,22
625,2023-07-01,LTR,Mardu (BRW) + Splash,11,26
626,2023-07-01,LTR,Temur (RGU) + Splash,5,16
627,2023-07-01,LTR,Abzan (GWB) + Splash,12,27
628,2023-07-01,LTR,Esper (WUB) + Splash,9,17
629,2023-07-01,LTR,Grixis (UBR) + Splash,14,25
630,2023-07-01,LTR,Jund (BRG) + Splash,16,28
631,2023-07-01,LTR,Naya (RGW) + Splash,42,84
632,2023-07-01,LTR,Bant (GWU) + Splash,4,16
633,2023-07-01,LTR,Four-color,15,37
634,2023-07-01,LTR,Four-color + Splash,27,46
635,2023-07-01,LTR,Five-color,8,17
636,2023-07-02,LTR,Mono-White,0,0
637,2023-07-02,LTR,Mono-Blue,0,0
638,2023-07-02,LTR,Mono-Black,21,32
639,2023-07-02,LTR,Mono-Red,12,21
640,2023-07-02,LTR,Mono-Green,0,0
641,2023-07-02,LTR,Mono-White + Splash,4,4
642,2023-07-02,LTR,Mono-Blue + Splash,20,36
643,2023-07-02,LTR,Mono-Black + Splash,20,34
644,2023-07-02,LTR,Mono-Red + Splash,9,18
645,2023-07-02,LTR,Mono-Green + Splash,3,6
646,2023-07-02,LTR,Azorius (WU),379,695
647,2023-07-02,LTR,Dimir (UB),1030,1770
648,2023-07-02,LTR,Rakdos (BR),2435,4044
649,2023-07-02,LTR,Gruul (RG),140,268
650,2023-07-02,LTR,Selesnya (GW),244,492
651,2023-07-02,LTR,Orzhov (WB),989,1753
652,2023-07-02,LTR,Golgari (BG),302,517
653,2023-07-02,LTR,Simic (GU),201,423
654,2023-07-02,LTR,Izzet (UR),1410,2458
655,2023-07-02,LTR,Boros (RW),1053,1786
656,2023-07-02,LTR,Azorius (WU) + Splash,142,283
657,2023-07-02,LTR,Dimir (UB) + Splash,419,769
658,2023-07-02,LTR,Rakdos (BR) + Splash,396,719
659,2023-07-02,LTR,Gruul (RG) + Splash,84,149
660,2023-07-02,LTR,Selesnya (GW) + Splash,231,432
661,2023-07-02,LTR,Orzhov (WB) + Splash,273,515
662,2023-07-02,LTR,Golgari (BG) + Splash,161,311
663,2023-07-02,LTR,Simic (GU) + Splash,153,276
664,2023-07-02,LTR,Izzet (UR) + Splash,343,585
665,2023-07-02,LTR,Boros (RW) + Splash,138,255
666,2023-07-02,LTR,Jeskai (WUR),52,101
667,2023-07-02,LTR,Sultai (UBG),31,58
668,2023-07-02,LTR,Mardu (BRW),69,139
669,2023-07-02,LTR,Temur (RGU),22,42
670,2023-07-02,LTR,Abzan (GWB),93,175
671,2023-07-02,LTR,Esper (WUB),72,152
672,2023-07-02,LTR,Grixis (UBR),274,520
673,2023-07-02,LTR,Jund (BRG),63,123
674,2023-07-02,LTR,Naya (RGW),50,92
675,2023-07-02,LTR,Bant (GWU),27,63
676,2023-07-02,LTR,Jeskai (WUR) + Splash,3,9
677,2023-07-02,LTR,Sultai (UBG) + Splash,2,13
678,2023-07-02,LTR,Mardu (BRW) + Splash,4,8
679,2023-07-02,LTR,Temur (RGU) + Splash,18,35
680,2023-07-02,LTR,Abzan (GWB) + Splash,21,36
681,2023-07-02,LTR,Esper (WUB) + Splash,8,14
682,2023-07-02,LTR,Grixis (UBR) + Splash,4,12
683,2023-07-02,LTR,Jund (BRG) + Splash,11,24
684,2023-07-02,LTR,Naya (RGW) + Splash,21,40
685,2023-07-02,LTR,Bant (GWU) + Splash,8,16
686,2023-07-02,LTR,Four-color,37,69
687,2023-07-02,LTR,Four-color + Splash,9,17
688,2023-07-02,LTR,Five-color,0,0
689,2023-07-03,LTR,Mono-White,0,0
690,2023-07-03,LTR,Mono-Blue,0,3
691,2023-07-03,LTR,Mono-Black,43,61
692,2023-07-03,LTR,Mono-Red,27,41
693,2023-07-03,LTR,Mono-Green,0,1
694,2023-07-03,LTR,Mono-White + Splash,1,4
695,2023-07-03,LTR,Mono-Blue + Splash,11,15
696,2023-07-03,LTR,Mono-Black + Splash,27,45
697,2023-07-03,LTR,Mono-Red + Splash,9,17
698,2023-07-03,LTR,Mono-Green + Splash,5,10
699,2023-07-03,LTR,Azorius (WU),369,704
700,2023-07-03,LTR,Dimir (UB),1219,2102
701,2023-07-03,LTR,Rakdos (BR),2618,4456
702,2023-07-03,LTR,Gruul (RG),129,227
703,2023-07-03,LTR,Selesnya (GW),350,624
704,2023-07-03,LTR,Orzhov (WB),1247,2072
705,2023-07-03,LTR,Golgari (BG),331,583
706,2023-07-03,LTR,Simic (GU),228,426
707,2023-07-03,LTR,Izzet (UR),1694,2951
708,2023-07-03,LTR,Boros (RW),1274,2158
709,2023-07-03,LTR,Azorius (WU) + Splash,153,273
710,2023-07-03,LTR,Dimir (UB) + Splash,523,971
711,2023-07-03,LTR,Rakdos (BR) + Splash,496,916
712,2023-07-03,LTR,Gruul (RG) + Splash,138,268
713,2023-07-03,LTR,Selesnya (GW) + Splash,235,468
714,2023-07-03,LTR,Orzhov (WB) + Splash,342,586
715,2023-07-03,LTR,Golgari (BG) + Splash,201,343
716,2023-07-03,LTR,Simic (GU) + Splash,131,268
717,2023-07-03,LTR,Izzet (UR) + Splash,399,773
718,2023-07-03,LTR,Boros (RW) + Splash,111,213
719,2023-07-03,LTR,Jeskai (WUR),50,97
720,2023-07-03,LTR,Sultai (UBG),38,60
721,2023-07-03,LTR,Mardu (BRW),83,169
722,2023-07-03,LTR,Temur (RGU),18,44
723,2023-07-03,LTR,Abzan (GWB),166,329
724,2023-07-03,LTR,Esper (WUB),61,146
725,2023-07-03,LTR,Grixis (UBR),266,538
726,2023-07-03,LTR,Jund (BRG),100,179
727,2023-07-03,LTR,Naya (RGW),64,126
728,2023-07-03,LTR,Bant (GWU),21,52
729,2023-07-03,LTR,Jeskai (WUR) + Splash,4,9
730,2023-07-03,LTR,Sultai (UBG) + Splash,13,24
731,2023-07-03,LTR,Mardu (BRW) + Splash,3,9
732,2023-07-03,LTR,Temur (RGU) + Splash,4,8
733,2023-07-03,LTR,Abzan (GWB) + Splash,22,52
734,2023-07-03,LTR,Esper (WUB) + Splash,7,13
735,2023-07-03,LTR,Grixis (UBR) + Splash,9,25
736,2023-07-03,LTR,Jund (BRG) + Splash,14,25
737,2023-07-03,LTR,Naya (RGW) + Splash,25,51
738,2023-07-03,LTR,Bant (GWU) + Splash,26,43
739,2023-07-03,LTR,Four-color,27,64
740,2023-07-03,LTR,Four-color + Splash,12,27
741,2023-07-03,LTR,Five-color,3,5
742,2023-07-04,LTR,Mono-White,0,0
743,2023-07-04,LTR,Mono-Blue,2,5
744,2023-07-04,LTR,Mono-Black,12,18
745,2023-07-04,LTR,Mono-Red,0,1
746,2023-07-04,LTR,Mono-Green,0,0
747,2023-07-04,LTR,Mono-White + Splash,9,18
748,2023-07-04,LTR,Mono-Blue + Splash,11,27
749,2023-07-04,LTR,Mono-Black + Splash,45,65
750,2023-07-04,LTR,Mono-Red + Splash,5,10
751,2023-07-04,LTR,Mono-Green + Splash,7,15
752,2023-07-04,LTR,Azorius (WU),367,693
753,2023-07-04,LTR,Dimir (UB),1072,1904
754,2023-07-04,LTR,Rakdos (BR),2635,4508
755,2023-07-04,LTR,Gruul (RG),154,279
756,2023-07-04,LTR,Selesnya (GW),254,483
757,2023-07-04,LTR,Orzhov (WB),1211,2109
758,2023-07-04,LTR,Golgari (BG),390,695
759,2023-07-04,LTR,Simic (GU),257,506
760,2023-07-04,LTR,Izzet (UR),1586,2742
761,2023-07-04,LTR,Boros (RW),1110,1987
762,2023-07-04,LTR,Azorius (WU) + Splash,90,205
763,2023-07-04,LTR,Dimir (UB) + Splash,567,1066
764,2023-07-04,LTR,Rakdos (BR) + Splash,446,855
765,2023-07-04,LTR,Gruul (RG) + Splash,95,202
766,2023-07-04,LTR,Selesnya (GW) + Splash,274,511
767,2023-07-04,LTR,Orzhov (WB) + Splash,297,544
768,2023-07-04,LTR,Golgari (BG) + Splash,270,462
769,2023-07-04,LTR,Simic (GU) + Splash,141,286
770,2023-07-04,LTR,Izzet (UR) + Splash,417,779
771,2023-07-04,LTR,Boros (RW) + Splash,150,277
772,2023-07-04,LTR,Jeskai (WUR),67,122
773,2023-07-04,LTR,Sultai (UBG),46,92
774,2023-07-04,LTR,Mardu (BRW),65,140
775,2023-07-04,LTR,Temur (RGU),27,51
776,2023-07-04,LTR,Abzan (GWB),163,288
777,2023-07-04,LTR,Esper (WUB),88,189
778,2023-07-04,LTR,Grixis (UBR),284,496
779,2023-07-04,LTR,Jund (BRG),97,205
780,2023-07-04,LTR,Naya (RGW),56,102
781,2023-07-04,LTR,Bant (GWU),47,86
782,2023-07-04,LTR,Jeskai (WUR) + Splash,3,7
783,2023-07-04,LTR,Sultai (UBG) + Splash,34,66
784,2023-07-04,LTR,Mardu (BRW) + Splash,6,12
785,2023-07-04,LTR,Temur (RGU) + Splash,6,19
786,2023-07-04,LTR,Abzan (GWB) + Splash,21,51
787,2023-07-04,LTR,Esper (WUB) + Splash,14,32
788,2023-07-04,LTR,Grixis (UBR) + Splash,3,9
789,2023-07-04,LTR,Jund (BRG) + Splash,33,62
790,2023-07-04,LTR,Naya (RGW) + Splash,53,88
791,2023-07-04,LTR,Bant (GWU) + Splash,43,77
792,2023-07-04,LTR,Four-color,35,63
793,2023-07-04,LTR,Four-color + Splash,20,40
794,2023-07-04,LTR,Five-color,3,9
795,2023-07-05,LTR,Mono-White,1,3
796,2023-07-05,LTR,Mono-Blue,4,7
797,2023-07-05,LTR,Mono-Black,1,6
798,2023-07-05,LTR,Mono-Red,4,6
799,2023-07-05,LTR,Mono-Green,0,0
800,2023-07-05,LTR,Mono-White + Splash,3,7
801,2023-07-05,LTR,Mono-Blue + Splash,7,16
802,2023-07-05,LTR,Mono-Black + Splash,59,87
803,2023-07-05,LTR,Mono-Red + Splash,18,29
804,2023-07-05,LTR,Mono-Green + Splash,5,7
805,2023-07-05,LTR,Azorius (WU),286,549
806,2023-07-05,LTR,Dimir (UB),950,1667
807,2023-07-05,LTR,Rakdos (BR),2102,3513
808,2023-07-05,LTR,Gruul (RG),128,231
809,2023-07-05,LTR,Selesnya (GW),273,494
810,2023-07-05,LTR,Orzhov (WB),864,1534
811,2023-07-05,LTR,Golgari (BG),327,568
812,2023-07-05,LTR,Simic (GU),195,416
813,2023-07-05,LTR,Izzet (UR),1495,2532
814,2023-07-05,LTR,Boros (RW),977,1698
815,2023-07-05,LTR,Azorius (WU) + Splash,141,279
816,2023-07-05,LTR,Dimir (UB) + Splash,477,864
817,2023-07-05,LTR,Rakdos (BR) + Splash,433,800
818,2023-07-05,LTR,Gruul (RG) + Splash,109,225
819,2023-07-05,LTR,Selesnya (GW) + Splash,224,418
820,2023-07-05,LTR,Orzhov (WB) + Splash,249,480
821,2023-07-05,LTR,Golgari (BG) + Splash,219,394
822,2023-07-05,LTR,Simic (GU) + Splash,88,194
823,2023-07-05,LTR,Izzet (UR) + Splash,329,597
824,2023-07-05,LTR,Boros (RW) + Splash,123,224
825,2023-07-05,LTR,Jeskai (WUR),38,84
826,2023-07-05,LTR,Sultai (UBG),35,66
827,2023-07-05,LTR,Mardu (BRW),62,113
828,2023-07-05,LTR,Temur (RGU),13,43
829,2023-07-05,LTR,Abzan (GWB),144,281
830,2023-07-05,LTR,Esper (WUB),75,146
831,2023-07-05,LTR,Grixis (UBR),211,413
832,2023-07-05,LTR,Jund (BRG),58,118
833,2023-07-05,LTR,Naya (RGW),66,115
834,2023-07-05,LTR,Bant (GWU),23,50
835,2023-07-05,LTR,Jeskai (WUR) + Splash,11,25
836,2023-07-05,LTR,Sultai (UBG) + Splash,10,18
837,2023-07-05,LTR,Mardu (BRW) + Splash,0,0
838,2023-07-05,LTR,Temur (RGU) + Splash,7,10
839,2023-07-05,LTR,Abzan (GWB) + Splash,24,46
840,2023-07-05,LTR,Esper (WUB) + Splash,14,33
841,2023-07-05,LTR,Grixis (UBR) + Splash,21,39
842,2023-07-05,LTR,Jund (BRG) + Splash,9,19
843,2023-07-05,LTR,Naya (RGW) + Splash,28,68
844,2023-07-05,LTR,Bant (GWU) + Splash,38,71
845,2023-07-05,LTR,Four-color,30,66
846,2023-07-05,LTR,Four-color + Splash,29,56
847,2023-07-05,LTR,Five-color,4,8
848,2023-07-06,LTR,Mono-White,7,9
849,2023-07-06,LTR,Mono-Blue,10,16
850,2023-07-06,LTR,Mono-Black,15,25
851,2023-07-06,LTR,Mono-Red,2,4
852,2023-07-06,LTR,Mono-Green,0,0
853,2023-07-06,LTR,Mono-White + Splash,5,11
854,2023-07-06,LTR,Mono-Blue + Splash,28,51
855,2023-07-06,LTR,Mono-Black + Splash,56,83
856,2023-07-06,LTR,Mono-Red + Splash,17,25
857,2023-07-06,LTR,Mono-Green + Splash,10,21
858,2023-07-06,LTR,Azorius (WU),304,596
859,2023-07-06,LTR,Dimir (UB),1103,1916
860,2023-07-06,LTR,Rakdos (BR),2149,3667
861,2023-07-06,LTR,Gruul (RG),117,190
862,2023-07-06,LTR,Selesnya (GW),243,459
863,2023-07-06,LTR,Orzhov (WB),945,1641
864,2023-07-06,LTR,Golgari (BG),349,613
865,2023-07-06,LTR,Simic (GU),198,369
866,2023-07-06,LTR,Izzet (UR),1436,2478
867,2023-07-06,LTR,Boros (RW),874,1514
868,2023-07-06,LTR,Azorius (WU) + Splash,183,332
869,2023-07-06,LTR,Dimir (UB) + Splash,471,885
870,2023-07-06,LTR,Rakdos (BR) + Splash,455,841
871,2023-07-06,LTR,Gruul (RG) + Splash,109,197
872,2023-07-06,LTR,Selesnya (GW) + Splash,217,399
873,2023-07-06,LTR,Orzhov (WB) + Splash,269,495
874,2023-07-06,LTR,Golgari (BG) + Splash,212,395
875,2023-07-06,LTR,Simic (GU) + Splash,140,268
876,2023-07-06,LTR,Izzet (UR) + Splash,393,717
877,2023-07-06,LTR,Boros (RW) + Splash,104,209
878,2023-07-06,LTR,Jeskai (WUR),58,113
879,2023-07-06,LTR,Sultai (UBG),53,99
880,2023-07-06,LTR,Mardu (BRW),94,181
881,2023-07-06,LTR,Temur (RGU),26,46
882,2023-07-06,LTR,Abzan (GWB),103,187
883,2023-07-06,LTR,Esper (WUB),89,182
884,2023-07-06,LTR,Grixis (UBR),249,456
885,2023-07-06,LTR,Jund (BRG),69,140
886,2023-07-06,LTR,Naya (RGW),59,111
887,2023-07-06,LTR,Bant (GWU),50,92
888,2023-07-06,LTR,Jeskai (WUR) + Splash,5,10
889,2023-07-06,LTR,Sultai (UBG) + Splash,12,30
890,2023-07-06,LTR,Mardu (BRW) + Splash,8,11
891,2023-07-06,LTR,Temur (RGU) + Splash,11,29
892,2023-07-06,LTR,Abzan (GWB) + Splash,33,48
893,2023-07-06,LTR,Esper (WUB) + Splash,9,22
894,2023-07-06,LTR,Grixis (UBR) + Splash,19,34
895,2023-07-06,LTR,Jund (BRG) + Splash,29,55
896,2023-07-06,LTR,Naya (RGW) + Splash,36,67
897,2023-07-06,LTR,Bant (GWU) + Splash,21,47
898,2023-07-06,LTR,Four-color,29,58
899,2023-07-06,LTR,Four-color + Splash,17,34
900,2023-07-06,LTR,Five-color,0,0
901,2023-07-07,LTR,Mono-White,2,5
902,2023-07-07,LTR,Mono-Blue,0,0
903,2023-07-07,LTR,Mono-Black,0,0
904,2023-07-07,LTR,Mono-Red,12,19
905,2023-07-07,LTR,Mono-Green,0,0
906,2023-07-07,LTR,Mono-White + Splash,16,25
907,2023-07-07,LTR,Mono-Blue + Splash,17,29
908,2023-07-07,LTR,Mono-Black + Splash,26,40
909,2023-07-07,LTR,Mono-Red + Splash,16,24
910,2023-07-07,LTR,Mono-Green + Splash,2,8
911,2023-07-07,LTR,Azorius (WU),317,617
912,2023-07-07,LTR,Dimir (UB),1056,1864
913,2023-07-07,LTR,Rakdos (BR),2067,3553
914,2023-07-07,LTR,Gruul (RG),103,199
915,2023-07-07,LTR,Selesnya (GW),226,416
916,2023-07-07,LTR,Orzhov (WB),993,1734
917,2023-07-07,LTR,Golgari (BG),276,516
918,2023-07-07,LTR,Simic (GU),201,403
919,2023-07-07,LTR,Izzet (UR),1472,2554
920,2023-07-07,LTR,Boros (RW),817,1464
921,2023-07-07,LTR,Azorius (WU) + Splash,113,213
922,2023-07-07,LTR,Dimir (UB) + Splash,501,949
923,2023-07-07,LTR,Rakdos (BR) + Splash,377,718
924,2023-07-07,LTR,Gruul (RG) + Splash,110,217
925,2023-07-07,LTR,Selesnya (GW) + Splash,245,472
926,2023-07-07,LTR,Orzhov (WB) + Splash,231,415
927,2023-07-07,LTR,Golgari (BG) + Splash,222,403
928,2023-07-07,LTR,Simic (GU) + Splash,117,241
929,2023-07-07,LTR,Izzet (UR) + Splash,421,773
930,2023-07-07,LTR,Boros (RW) + Splash,132,245
931,2023-07-07,LTR,Jeskai (WUR),46,86
932,2023-07-07,LTR,Sultai (UBG),64,120
933,2023-07-07,LTR,Mardu (BRW),57,113
934,2023-07-07,LTR,Temur (RGU),15,28
935,2023-07-07,LTR,Abzan (GWB),142,278
936,2023-07-07,LTR,Esper (WUB),67,140
937,2023-07-07,LTR,Grixis (UBR),285,529
938,2023-07-07,LTR,Jund (BRG),71,141
939,2023-07-07,LTR,Naya (RGW),62,119
940,2023-07-07,LTR,Bant (GWU),45,92
941,2023-07-07,LTR,Jeskai (WUR) + Splash,0,2
942,2023-07-07,LTR,Sultai (UBG) + Splash,16,32
943,2023-07-07,LTR,Mardu (BRW) + Splash,9,18
944,2023-07-07,LTR,Temur (RGU) + Splash,21,42
945,2023-07-07,LTR,Abzan (GWB) + Splash,38,74
946,2023-07-07,LTR,Esper (WUB) + Splash,9,21
947,2023-07-07,LTR,Grixis (UBR) + Splash,7,16
948,2023-07-07,LTR,Jund (BRG) + Splash,17,41
949,2023-07-07,LTR,Naya (RGW) + Splash,45,93
950,2023-07-07,LTR,Bant (GWU) + Splash,33,67
951,2023-07-07,LTR,Four-color,31,69
952,2023-07-07,LTR,Four-color + Splash,27,50
953,2023-07-07,LTR,Five-color,0,6
954,2023-07-08,LTR,Mono-White,3,6
955,2023-07-08,LTR,Mono-Black,7,8
956,2023-07-08,LTR,Mono-Red,12,19
957,2023-07-08,LTR,Mono-White + Splash,5,9
958,2023-07-08,LTR,Mono-Blue + Splash,4,13
959,2023-07-08,LTR,Mono-Black + Splash,6,13
960,2023-07-08,LTR,Mono-Red + Splash,0,1
961,2023-07-08,LTR,Mono-Green + Splash,10,19
962,2023-07-08,LTR,Azorius (WU),279,495
963,2023-07-08,LTR,Dimir (UB),892,1546
964,2023-07-08,LTR,Rakdos (BR),1608,2741
965,2023-07-08,LTR,Gruul (RG),113,203
966,2023-07-08,LTR,Selesnya (GW),186,355
967,2023-07-08,LTR,Orzhov (WB),810,1413
968,2023-07-08,LTR,Golgari (BG),256,446
969,2023-07-08,LTR,Simic (GU),173,339
970,2023-07-08,LTR,Izzet (UR),1126,2042
971,2023-07-08,LTR,Boros (RW),774,1395
972,2023-07-08,LTR,Azorius (WU) + Splash,108,226
973,2023-07-08,LTR,Dimir (UB) + Splash,467,878
974,2023-07-08,LTR,Rakdos (BR) + Splash,355,646
975,2023-07-08,LTR,Gruul (RG) + Splash,86,147
976,2023-07-08,LTR,Selesnya (GW) + Splash,251,472
977,2023-07-08,LTR,Orzhov (WB) + Splash,202,378
978,2023-07-08,LTR,Golgari (BG) + Splash,199,369
979,2023-07-08,LTR,Simic (GU) + Splash,103,195
980,2023-07-08,LTR,Izzet (UR) + Splash,328,585
981,2023-07-08,LTR,Boros (RW) + Splash,91,186
982,2023-07-08,LTR,Jeskai (WUR),42,74
983,2023-07-08,LTR,Sultai (UBG),47,89
984,2023-07-08,LTR,Mardu (BRW),84,165
985,2023-07-08,LTR,Temur (RGU),20,41
986,2023-07-08,LTR,Abzan (GWB),111,231
987,2023-07-08,LTR,Esper (WUB),54,109
988,2023-07-08,LTR,Grixis (UBR),267,493
989,2023-07-08,LTR,Jund (BRG),47,101
990,2023-07-08,LTR,Naya (RGW),51,86
991,2023-07-08,LTR,Bant (GWU),45,87
992,2023-07-08,LTR,Jeskai (WUR) + Splash,2,7
993,2023-07-08,LTR,Sultai (UBG) + Splash,19,36
994,2023-07-08,LTR,Mardu (BRW) + Splash,5,8
995,2023-07-08,LTR,Temur (RGU) + Splash,8,15
996,2023-07-08,LTR,Abzan (GWB) + Splash,28,58
997,2023-07-08,LTR,Esper (WUB) + Splash,11,21
998,2023-07-08,LTR,Grixis (UBR) + Splash,19,35
999,2023-07-08,LTR,Jund (BRG) + Splash,18,34
1000,2023-07-08,LTR,Naya (RGW) + Splash,37,60
1001,2023-07-08,LTR,Bant (GWU) + Splash,47,87
1002,2023-07-08,LTR,Four-color,22,45
1003,2023-07-08,LTR,Four-color + Splash,35,66
1004,2023-07-08,LTR,Five-color,6,12
